"country","year","pop","areakm2","gdpnom","flights...WB","hotels","hotrooms","receipt","ovnarriv","dayvisit","arram","arreur","arraus"
1,0,1187000,2040,9683734768.21192,12162,270.967213114754,7596.81176470588,732000000,656000,22000,98674.1344537815,198859.268907563,5353.73846153846
1,1,1189800,2040,4684000000,12269,95,9024,820000000,660000,15000,98674.1344537815,198859.268907563,5353.73846153846
1,2,1200200,2040,4911000000,12720,95,9623,829000000,682000,27000,98674.1344537815,198859.268907563,5353.73846153846
1,3,1210400,2040,5825000000,12969,97,9647,960000000,702000,20000,98674.1344537815,198859.268907563,5353.73846153846
1,4,1220500,2040,6594000000,14791,103,10640,1156000000,719000,20000,98674.1344537815,198859.268907563,5353.73846153846
1,5,1243000,2040,6489000000,14743,99,10497,1189000000,761000,20000,98674.1344537815,198859.268907563,5353.73846153846
1,6,1240800,2040,6732000000,13692,98,10666,1302000000,788000,19000,98674.1344537815,198859.268907563,5353.73846153846
1,7,1250900,2040,7792000000,12090,97,10857,1663000000,907000,26000,10000,596000,10969
1,8,1274200,2040,9641000000,11742,102,11488,1823000000,930000,40000,14000,609000,8974
1,9,1284300,2040,8824000000,11144,102,11456,1390000000,871000,19000,13000,580000,8106
1,10,1283400,2040,9706000000,11750,112,12075,1585000000,935000,21000,14000,606000,9255
1,11,1288700,2040,11244000000,12353,109,11925,1813000000,965000,18000,14000,610000,8822
1,12,1293500,2040,11466000000,12258,270.967213114754,7596.81176470588,689248716.216216,750799.044585987,485411.111111111,98674.1344537815,198859.268907563,5353.73846153846
2,0,491219.171779141,451,615000000,18966,270.967213114754,7596.81176470588,225000000,130000,485411.111111111,98674.1344537815,198859.268907563,5353.73846153846
2,1,81000,451,622000000,20249,270.967213114754,7596.81176470588,221000000,130000,485411.111111111,98674.1344537815,198859.268907563,5353.73846153846
2,2,84000,451,698000000,22449,270.967213114754,7596.81176470588,247000000,132000,485411.111111111,98674.1344537815,198859.268907563,5353.73846153846
2,3,83000,451,706000000,18647,270.967213114754,7596.81176470588,258000000,122000,485411.111111111,98674.1344537815,198859.268907563,5353.73846153846
2,4,83000,451,857000000,19281,270.967213114754,7596.81176470588,256000000,121000,485411.111111111,98674.1344537815,198859.268907563,5353.73846153846
2,5,83000,451,937000000,19581,270.967213114754,7596.81176470588,269000000,129000,485411.111111111,98674.1344537815,198859.268907563,5353.73846153846
2,6,85000,451,1037000000,19526,270.967213114754,7596.81176470588,323000000,141000,485411.111111111,98674.1344537815,198859.268907563,5353.73846153846
2,7,85000,451,1039000000,20727,103,2710,396000000,161000,10000,4,130,3316
2,8,87000,451,962000000,11896,107,2360,408000000,159000,14000,4,125,3070
2,9,87000,451,841000000,11238,115,2490,349000000,158000,20000,5,122,2852
2,10,90000,451,973000000,12989,124,2510,352000000,175000,16000,4,132,3446
2,11,87000,451,1060000000,14202,132,7596.81176470588,378000000,194000,485411.111111111,5,144,3745
2,12,491219.171779141,451,1031000000,11878,270.967213114754,7596.81176470588,689248716.216216,750799.044585987,485411.111111111,98674.1344537815,198859.268907563,5353.73846153846
3,0,777000,440,788000000,62070,270.967213114754,7596.81176470588,291000000,207000,485411.111111111,98674.1344537815,198859.268907563,5353.73846153846
3,1,792000,440,778000000,72001,270.967213114754,7596.81176470588,272000000,215000,485411.111111111,98674.1344537815,198859.268907563,5353.73846153846
3,2,805000,440,807000000,63361,270.967213114754,7596.81176470588,274000000,218000,485411.111111111,98674.1344537815,198859.268907563,5353.73846153846
3,3,817000,440,849000000,67163,270.967213114754,7596.81176470588,300000000,239000,485411.111111111,98674.1344537815,198859.268907563,5353.73846153846
3,4,828000,440,905000000,25700,270.967213114754,7596.81176470588,337000000,246000,485411.111111111,98674.1344537815,198859.268907563,5353.73846153846
3,5,839000,440,1002000000,26985,270.967213114754,7596.81176470588,309000000,245000,485411.111111111,98674.1344537815,198859.268907563,5353.73846153846
3,6,849000,440,1141000000,26175,270.967213114754,7596.81176470588,327000000,254000,485411.111111111,98674.1344537815,198859.268907563,5353.73846153846
3,7,859000,440,1296000000,27746,4157,7596.81176470588,338000000,262000,673000,141000,115000,5353.73846153846
3,8,869000,440,1355000000,28356,4673,7596.81176470588,334000000,266000,597000,152000,110000,5353.73846153846
3,9,878000,440,1211000000,26371,270.967213114754,7596.81176470588,305000000,234000,710000,138000,93000,5353.73846153846
3,10,887000,440,1136000000,39865,270.967213114754,7596.81176470588,298000000,230000,557000,137000,89000,5353.73846153846
3,11,818000,440,1125000000,36534,270.967213114754,7596.81176470588,312000000,241000,606000,145000,92000,5353.73846153846
3,12,491219.171779141,440,1176000000,33606,270.967213114754,7596.81176470588,689248716.216216,750799.044585987,485411.111111111,98674.1344537815,198859.268907563,5353.73846153846
4,0,101500,344,523000000,22425.2025316456,270.967213114754,7596.81176470588,93000000,129000,485411.111111111,98674.1344537815,198859.268907563,5353.73846153846
4,1,101700,344,523000000,22425.2025316456,270.967213114754,7596.81176470588,83000000,123000,485411.111111111,98674.1344537815,198859.268907563,5353.73846153846
4,2,102000,344,544000000,22425.2025316456,270.967213114754,7596.81176470588,91000000,132000,485411.111111111,98674.1344537815,198859.268907563,5353.73846153846
4,3,102200,344,596000000,22425.2025316456,270.967213114754,7596.81176470588,104000000,142000,485411.111111111,98674.1344537815,198859.268907563,5353.73846153846
4,4,102500,344,602000000,22425.2025316456,270.967213114754,7596.81176470588,86000000,134000,485411.111111111,98674.1344537815,198859.268907563,5353.73846153846
4,5,102700,344,701000000,22425.2025316456,270.967213114754,7596.81176470588,71000000,99000,485411.111111111,98674.1344537815,198859.268907563,5353.73846153846
4,6,103000,344,705000000,22425.2025316456,270.967213114754,7596.81176470588,94000000,119000,485411.111111111,98674.1344537815,198859.268907563,5353.73846153846
4,7,103400,344,764000000,22425.2025316456,70,1628,109000000,130000,275000,64000,42000,529
4,8,103700,344,832000000,22425.2025316456,74,1782,109000000,130000,298000,66000,45000,520
4,9,104100,344,776000000,22425.2025316456,80,1884,99000000,114000,346000,62000,36000,545
4,10,104500,344,770000000,22425.2025316456,115,2155,97000000,110000,335000,59000,35000,512
4,11,104900,344,780000000,22425.2025316456,81,1900,105000000,118000,312000,65000,36000,500
4,12,491219.171779141,344,790000000,22425.2025316456,270.967213114754,7596.81176470588,689248716.216216,750799.044585987,485411.111111111,98674.1344537815,198859.268907563,5353.73846153846
5,0,638200,765,7966000000,21303,270.967213114754,7596.81176470588,854000000,3869000,485411.111111111,98674.1344537815,198859.268907563,5353.73846153846
5,1,642500,765,7969000000,20492,270.967213114754,7596.81176470588,886000000,4388000,485411.111111111,98674.1344537815,198859.268907563,5353.73846153846
5,2,642100,765,8489000000,19752,270.967213114754,7596.81176470588,985000000,4831000,485411.111111111,98674.1344537815,198859.268907563,5353.73846153846
5,3,647200,765,9745000000,28508,270.967213114754,7596.81176470588,1206000000,4844000,485411.111111111,98674.1344537815,198859.268907563,5353.73846153846
5,4,671800,765,11233000000,32488,270.967213114754,7596.81176470588,1504000000,5667000,485411.111111111,98674.1344537815,198859.268907563,5353.73846153846
5,5,724800,765,13457000000,22425.2025316456,270.967213114754,7596.81176470588,1603000000,6313000,485411.111111111,98674.1344537815,198859.268907563,5353.73846153846
5,6,811400,765,15848000000,22425.2025316456,270.967213114754,7596.81176470588,1786000000,7289000,485411.111111111,98674.1344537815,198859.268907563,5353.73846153846
5,7,925700,765,18468000000,22425.2025316456,100,7596.81176470588,1854000000,7833000,2898000,267000,507000,7053
5,8,1052000,765,22146000000,22425.2025316456,101,9217,1927000000,8631000,485411.111111111,98674.1344537815,198859.268907563,5353.73846153846
5,9,1170000,765,19287000000,69808,105,8367,1873000000,8861000,485411.111111111,98674.1344537815,198859.268907563,5353.73846153846
5,10,1262000,765,21488000000,62473,100,8679,2163000000,11952000,485411.111111111,98674.1344537815,198859.268907563,5353.73846153846
5,11,1324000,765,25866000000,60779,101,9010,1766000000,6732000,485411.111111111,91000,513000,6196
5,12,491219.171779141,765,27026000000,61904,270.967213114754,7596.81176470588,689248716.216216,750799.044585987,485411.111111111,98674.1344537815,198859.268907563,5353.73846153846
6,0,267500,431,3098000000,22425.2025316456,270.967213114754,7596.81176470588,733000000,545000,485411.111111111,98674.1344537815,198859.268907563,5353.73846153846
6,1,268200,431,3096000000,22425.2025316456,270.967213114754,7596.81176470588,706000000,507000,485411.111111111,98674.1344537815,198859.268907563,5353.73846153846
6,2,268800,431,3115000000,22425.2025316456,270.967213114754,7596.81176470588,666000000,498000,485411.111111111,98674.1344537815,198859.268907563,5353.73846153846
6,3,269400,431,3244000000,22425.2025316456,270.967213114754,7596.81176470588,767000000,531000,485411.111111111,98674.1344537815,198859.268907563,5353.73846153846
6,4,269900,431,3492000000,22425.2025316456,270.967213114754,7596.81176470588,784000000,552000,485411.111111111,98674.1344537815,198859.268907563,5353.73846153846
6,5,270500,431,3908000000,22425.2025316456,270.967213114754,7596.81176470588,1081000000,548000,485411.111111111,98674.1344537815,198859.268907563,5353.73846153846
6,6,271000,431,4197000000,22425.2025316456,270.967213114754,7596.81176470588,1235000000,563000,485411.111111111,98674.1344537815,198859.268907563,5353.73846153846
6,7,271600,431,4483000000,22425.2025316456,270.967213114754,6300,1224000000,575000,616000,303000,251000,688
6,8,272200,431,4344000000,22425.2025316456,270.967213114754,6984,1244000000,568000,597000,309000,250000,529
6,9,272800,431,4396000000,22425.2025316456,270.967213114754,6917,1122000000,519000,635000,292000,219000,710
6,10,273300,431,4245000000,22425.2025316456,270.967213114754,6659,1074000000,532000,665000,313000,211000,857
6,11,273900,431,4313000000,22425.2025316456,270.967213114754,6775,689248716.216216,568000,619000,337000,224000,916
6,12,491219.171779141,431,4490000000,22425.2025316456,270.967213114754,7596.81176470588,689248716.216216,750799.044585987,485411.111111111,98674.1344537815,198859.268907563,5353.73846153846
7,0,62100,53,3480000000,22425.2025316456,270.967213114754,7596.81176470588,431000000,332000,485411.111111111,98674.1344537815,198859.268907563,5353.73846153846
7,1,62500,53,3680000000,22425.2025316456,270.967213114754,7596.81176470588,351000000,278000,485411.111111111,98674.1344537815,198859.268907563,5353.73846153846
7,2,62800,53,3937000000,22425.2025316456,270.967213114754,7596.81176470588,378000000,284000,485411.111111111,98674.1344537815,198859.268907563,5353.73846153846
7,3,63000,53,4187000000,22425.2025316456,270.967213114754,7596.81176470588,348000000,257000,485411.111111111,98674.1344537815,198859.268907563,5353.73846153846
7,4,63300,53,4485000000,22425.2025316456,270.967213114754,7596.81176470588,426000000,272000,485411.111111111,98674.1344537815,198859.268907563,5353.73846153846
7,5,63600,53,4868000000,22425.2025316456,270.967213114754,7596.81176470588,429000000,270000,485411.111111111,98674.1344537815,198859.268907563,5353.73846153846
7,6,63800,53,5414000000,22425.2025316456,270.967213114754,7596.81176470588,495000000,299000,485411.111111111,98674.1344537815,198859.268907563,5353.73846153846
7,7,64000,53,5895000000,22425.2025316456,270.967213114754,2766,569000000,306000,354000,257000,36000,118
7,8,64200,53,6110000000,22425.2025316456,270.967213114754,2736,431000000,264000,286000,217000,35000,171
7,9,64400,53,5806000000,22425.2025316456,270.967213114754,2830,366000000,236000,318000,198000,29000,135
7,10,64300,53,5765000000,22425.2025316456,270.967213114754,2695,442000000,232000,348000,196000,28000,168
7,11,64700,53,9683734768.21192,22425.2025316456,270.967213114754,7596.81176470588,472000000,236000,416000,202000,27000,176
7,12,491219.171779141,53,9683734768.21192,22425.2025316456,270.967213114754,7596.81176470588,689248716.216216,750799.044585987,485411.111111111,98674.1344537815,198859.268907563,5353.73846153846
8,0,437200,4033,539000000,13010,270.967213114754,7596.81176470588,64000000,115000,485411.111111111,98674.1344537815,198859.268907563,5353.73846153846
8,1,445100,4033,563000000,8745,270.967213114754,7596.81176470588,77000000,134000,485411.111111111,98674.1344537815,198859.268907563,5353.73846153846
8,2,452700,4033,621000000,8735,270.967213114754,7596.81176470588,100000000,126000,485411.111111111,98674.1344537815,198859.268907563,5353.73846153846
8,3,460000,4033,814000000,9434,270.967213114754,7596.81176470588,135000000,150000,485411.111111111,98674.1344537815,198859.268907563,5353.73846153846
8,4,466800,4033,924000000,16612,270.967213114754,7596.81176470588,153000000,157000,485411.111111111,98674.1344537815,198859.268907563,5353.73846153846
8,5,472900,4033,972000000,19905,270.967213114754,7596.81176470588,177000000,198000,485411.111111111,98674.1344537815,198859.268907563,5353.73846153846
8,6,478300,4033,1109000000,19862,270.967213114754,7596.81176470588,280000000,242000,485411.111111111,98674.1344537815,198859.268907563,5353.73846153846
8,7,483000,4033,1333000000,21086,150,5368,375000000,267000,485411.111111111,5000,228000,971
8,8,487400,4033,1569000000,12236,158,6172,432000000,285000,485411.111111111,4000,234000,876
8,9,491600,4033,1605000000,11560,173,6367,349000000,287000,485411.111111111,4000,244000,977
8,10,496000,4033,1662000000,10363,178,5891,387000000,336000,485411.111111111,3000,298000,962
8,11,500600,4033,1903000000,10658,195,7901,438000000,428000,485411.111111111,4000,385000,1772
8,12,523600,4033,1899000000,10555,270.967213114754,7596.81176470588,689248716.216216,750799.044585987,485411.111111111,98674.1344537815,198859.268907563,5353.73846153846
9,0,562500,2235,202000000,22425.2025316456,270.967213114754,7596.81176470588,15000000,24000,485411.111111111,98674.1344537815,198859.268907563,5353.73846153846
9,1,577600,2235,220000000,22425.2025316456,270.967213114754,7596.81176470588,9000000,19000,485411.111111111,98674.1344537815,198859.268907563,5353.73846153846
9,2,593200,2235,252000000,22425.2025316456,270.967213114754,7596.81176470588,11000000,19000,485411.111111111,98674.1344537815,198859.268907563,5353.73846153846
9,3,609300,2235,325000000,22425.2025316456,270.967213114754,7596.81176470588,16000000,21000,485411.111111111,98674.1344537815,198859.268907563,5353.73846153846
9,4,625900,2235,363000000,22425.2025316456,270.967213114754,7596.81176470588,21000000,23000,485411.111111111,98674.1344537815,198859.268907563,5353.73846153846
9,5,643000,2235,388000000,22425.2025316456,270.967213114754,7596.81176470588,24000000,26000,485411.111111111,98674.1344537815,198859.268907563,5353.73846153846
9,6,660600,2235,404000000,22425.2025316456,270.967213114754,7596.81176470588,27000000,29000,485411.111111111,98674.1344537815,198859.268907563,5353.73846153846
9,7,678600,2235,466000000,22425.2025316456,38,235,30000000,15000,485411.111111111,98674.1344537815,198859.268907563,5353.73846153846
9,8,697000,2235,533000000,22425.2025316456,39,230,39000000,15000,485411.111111111,98674.1344537815,198859.268907563,5353.73846153846
9,9,715800,2235,537000000,22425.2025316456,40,260,34000000,11000,485411.111111111,98674.1344537815,198859.268907563,5353.73846153846
9,10,734700,2235,544000000,22425.2025316456,42,300,689248716.216216,750799.044585987,485411.111111111,98674.1344537815,198859.268907563,5353.73846153846
9,11,753900,2235,611000000,22425.2025316456,270.967213114754,7596.81176470588,689248716.216216,750799.044585987,485411.111111111,98674.1344537815,198859.268907563,5353.73846153846
9,12,491219.171779141,2235,600000000,22425.2025316456,270.967213114754,7596.81176470588,689248716.216216,750799.044585987,485411.111111111,98674.1344537815,198859.268907563,5353.73846153846
10,0,69700,750,324000000,22425.2025316456,270.967213114754,7596.81176470588,48000000,70000,485411.111111111,98674.1344537815,198859.268907563,5353.73846153846
10,1,69400,750,331000000,22425.2025316456,270.967213114754,7596.81176470588,46000000,66000,485411.111111111,98674.1344537815,198859.268907563,5353.73846153846
10,2,69300,750,327000000,22425.2025316456,270.967213114754,7596.81176470588,46000000,69000,485411.111111111,98674.1344537815,198859.268907563,5353.73846153846
10,3,69200,750,341000000,22425.2025316456,270.967213114754,7596.81176470588,52000000,73000,485411.111111111,98674.1344537815,198859.268907563,5353.73846153846
10,4,69100,750,367000000,22425.2025316456,270.967213114754,7596.81176470588,61000000,80000,485411.111111111,98674.1344537815,198859.268907563,5353.73846153846
10,5,68900,750,362000000,22425.2025316456,270.967213114754,7596.81176470588,57000000,79000,485411.111111111,98674.1344537815,198859.268907563,5353.73846153846
10,6,68700,750,388000000,22425.2025316456,270.967213114754,7596.81176470588,72000000,84000,485411.111111111,98674.1344537815,198859.268907563,5353.73846153846
10,7,68400,750,419000000,22425.2025316456,92,901,74000000,81000,356000,69400,10800,91
10,8,68200,750,459000000,22425.2025316456,96,920,82000000,81000,387000,66600,13800,137
10,9,67900,750,489000000,22425.2025316456,106,989,86000000,75000,533000,62900,11600,127
10,10,67800,750,475000000,22425.2025316456,110,1036,96000000,77000,519000,64800,10700,129
10,11,67700,750,477000000,22425.2025316456,114,1062,98000000,76000,342000,62900,11500,147
10,12,491219.171779141,750,497000000,22425.2025316456,270.967213114754,7596.81176470588,689248716.216216,750799.044585987,485411.111111111,98674.1344537815,198859.268907563,5353.73846153846
11,0,84000,811,66000000,22425.2025316456,270.967213114754,7596.81176470588,2700000,4800,485411.111111111,98674.1344537815,198859.268907563,5353.73846153846
11,1,85600,811,63000000,22425.2025316456,270.967213114754,7596.81176470588,3200000,4600,485411.111111111,98674.1344537815,198859.268907563,5353.73846153846
11,2,87100,811,72000000,22425.2025316456,270.967213114754,7596.81176470588,689248716.216216,4900,485411.111111111,98674.1344537815,198859.268907563,5353.73846153846
11,3,88800,811,91000000,22425.2025316456,270.967213114754,7596.81176470588,689248716.216216,4900,485411.111111111,98674.1344537815,198859.268907563,5353.73846153846
11,4,90400,811,101000000,22425.2025316456,270.967213114754,7596.81176470588,689248716.216216,3400,485411.111111111,98674.1344537815,198859.268907563,5353.73846153846
11,5,92000,811,105000000,22425.2025316456,270.967213114754,7596.81176470588,3100000,4100,485411.111111111,98674.1344537815,198859.268907563,5353.73846153846
11,6,93500,811,104000000,22425.2025316456,270.967213114754,7596.81176470588,2300000,4400,485411.111111111,98674.1344537815,198859.268907563,5353.73846153846
11,7,95000,811,124000000,22425.2025316456,270.967213114754,7596.81176470588,4000000,4700,27600,1100,300,5353.73846153846
11,8,96500,811,131000000,22425.2025316456,270.967213114754,7596.81176470588,2900000,3900,485411.111111111,900,300,5353.73846153846
11,9,98000,811,120000000,22425.2025316456,270.967213114754,7596.81176470588,2700000,3900,485411.111111111,700,400,5353.73846153846
11,10,99500,811,142000000,22425.2025316456,270.967213114754,7596.81176470588,689248716.216216,4700,485411.111111111,800,400,5353.73846153846
11,11,101100,811,164000000,22425.2025316456,270.967213114754,7596.81176470588,689248716.216216,5300,485411.111111111,1100,400,5353.73846153846
11,12,491219.171779141,811,173000000,22425.2025316456,270.967213114754,7596.81176470588,689248716.216216,750799.044585987,485411.111111111,98674.1344537815,198859.268907563,5353.73846153846
12,0,273200,298,801000000,5970,270.967213114754,7596.81176470588,321000000,467000,485411.111111111,98674.1344537815,198859.268907563,5353.73846153846
12,1,277800,298,767000000,3286,270.967213114754,7596.81176470588,327000000,461000,485411.111111111,98674.1344537815,198859.268907563,5353.73846153846
12,2,282300,298,828000000,3417,270.967213114754,7596.81176470588,337000000,485000,485411.111111111,98674.1344537815,198859.268907563,5353.73846153846
12,3,286700,298,968000000,3520,270.967213114754,7596.81176470588,402000000,564000,485411.111111111,98674.1344537815,198859.268907563,5353.73846153846
12,4,291000,298,1076000000,4224,270.967213114754,7596.81176470588,471000000,617000,485411.111111111,98674.1344537815,198859.268907563,5353.73846153846
12,5,295200,298,992000000,4520,270.967213114754,7596.81176470588,826000000,395000,485411.111111111,98674.1344537815,198859.268907563,5353.73846153846
12,6,299400,298,1303000000,5108,270.967213114754,7596.81176470588,1235000000,602000,485411.111111111,98674.1344537815,198859.268907563,5353.73846153846
12,7,303500,298,1542000000,5006,260,11094,1331000000,676000,6000,14000,495000,13673
12,8,307600,298,1892000000,5006,274,11732,1392000000,683000,2000,14000,498000,13462
12,9,311700,298,1942000000,4971,279,12489,1366000000,656000,3000,15000,462000,13274
12,10,315900,298,2134000000,22425.2025316456,296,12851,1713000000,792000,1000,19000,505000,14944
12,11,320100,298,2042000000,22425.2025316456,315,13178,1868000000,931000,485411.111111111,24000,538000,16655
12,12,491219.171779141,298,220900000,22425.2025316456,270.967213114754,7596.81176470588,689248716.216216,750799.044585987,485411.111111111,98674.1344537815,198859.268907563,5353.73846153846
13,0,381400,316,3963000000,15394,270.967213114754,7596.81176470588,731000000,1216000,485411.111111111,98674.1344537815,198859.268907563,5353.73846153846
13,1,393000,316,3919000000,15056,270.967213114754,7596.81176470588,704000000,1180000,485411.111111111,98674.1344537815,198859.268907563,5353.73846153846
13,2,396000,316,4303000000,14594,270.967213114754,7596.81176470588,757000000,1134000,485411.111111111,98674.1344537815,198859.268907563,5353.73846153846
13,3,398600,316,5126000000,14390,270.967213114754,7596.81176470588,869000000,1127000,485411.111111111,98674.1344537815,198859.268907563,5353.73846153846
13,4,401300,316,5648000000,14356,270.967213114754,7596.81176470588,949000000,1156000,485411.111111111,98674.1344537815,198859.268907563,5353.73846153846
13,5,403900,316,5989000000,14768,270.967213114754,7596.81176470588,924000000,1171000,485411.111111111,98674.1344537815,198859.268907563,5353.73846153846
13,6,406400,316,6388000000,15359,270.967213114754,7596.81176470588,966000000,1124000,485411.111111111,98674.1344537815,198859.268907563,5353.73846153846
13,7,409000,316,7513000000,16895,160,17792,1185000000,1244000,488000,20000,1143000,20384
13,8,412000,316,8601000000,17334,155,17765,1336000000,1291000,556000,18000,1195000,19825
13,9,414000,316,8118000000,18362,158,18243,1117000000,1182000,440000,14000,1089000,21217
13,10,416000,316,8382000000,16828,153,17968,1257000000,1336000,491000,16000,1219000,19900
13,11,415700,316,9123000000,14891,149,17723,1480000000,1412000,557000,16000,1298000,19638
13,12,491219.171779141,316,8689000000,14248,270.967213114754,7596.81176470588,689248716.216216,750799.044585987,485411.111111111,98674.1344537815,198859.268907563,5353.73846153846
14,0,52100,181,9683734768.21192,2324,270.967213114754,7596.81176470588,3000000,5000,485411.111111111,98674.1344537815,198859.268907563,5353.73846153846
14,1,52100,181,9683734768.21192,2744,270.967213114754,7596.81176470588,3100000,5000,485411.111111111,98674.1344537815,198859.268907563,5353.73846153846
14,2,52100,181,9683734768.21192,3876,270.967213114754,7596.81176470588,3400000,6000,485411.111111111,98674.1344537815,198859.268907563,5353.73846153846
14,3,52000,181,9683734768.21192,3911,270.967213114754,7596.81176470588,4000000,7000,485411.111111111,98674.1344537815,198859.268907563,5353.73846153846
14,4,52000,181,9683734768.21192,3683,270.967213114754,7596.81176470588,5000000,9000,485411.111111111,98674.1344537815,198859.268907563,5353.73846153846
14,5,52000,181,9683734768.21192,3083,270.967213114754,7596.81176470588,5700000,9000,485411.111111111,98674.1344537815,198859.268907563,5353.73846153846
14,6,52200,181,9683734768.21192,3573,270.967213114754,7596.81176470588,6600000,6000,485411.111111111,98674.1344537815,198859.268907563,5353.73846153846
14,7,52500,181,9683734768.21192,3508,270.967213114754,7596.81176470588,4500000,7000,485411.111111111,1700,300,5353.73846153846
14,8,52900,181,9683734768.21192,3510,270.967213114754,7596.81176470588,3000000,6000,485411.111111111,1500,200,5353.73846153846
14,9,53400,181,9683734768.21192,3480,270.967213114754,7596.81176470588,3500000,5000,485411.111111111,1300,200,5353.73846153846
14,10,54000,181,163000000,22425.2025316456,270.967213114754,7596.81176470588,3300000,5000,485411.111111111,1300,200,5353.73846153846
14,11,54800,181,171000000,22425.2025316456,270.967213114754,7596.81176470588,689248716.216216,5000,485411.111111111,1300,100,5353.73846153846
14,12,491219.171779141,181,182000000,22425.2025316456,270.967213114754,7596.81176470588,689248716.216216,750799.044585987,485411.111111111,98674.1344537815,198859.268907563,5353.73846153846
15,0,107100,3185,9683734768.21192,22425.2025316456,270.967213114754,7596.81176470588,17000000,21000,485411.111111111,98674.1344537815,198859.268907563,5353.73846153846
15,1,107300,3185,9683734768.21192,22425.2025316456,270.967213114754,7596.81176470588,15000000,15000,485411.111111111,98674.1344537815,198859.268907563,5353.73846153846
15,2,107700,3185,9683734768.21192,22425.2025316456,270.967213114754,7596.81176470588,17000000,19000,485411.111111111,98674.1344537815,198859.268907563,5353.73846153846
15,3,108300,3185,9683734768.21192,22425.2025316456,270.967213114754,7596.81176470588,17000000,18000,485411.111111111,98674.1344537815,198859.268907563,5353.73846153846
15,4,108900,3185,9683734768.21192,22425.2025316456,270.967213114754,7596.81176470588,17000000,19000,485411.111111111,98674.1344537815,198859.268907563,5353.73846153846
15,5,109400,3185,9683734768.21192,22425.2025316456,270.967213114754,7596.81176470588,17000000,19000,485411.111111111,98674.1344537815,198859.268907563,5353.73846153846
15,6,109800,3185,9683734768.21192,22425.2025316456,270.967213114754,7596.81176470588,19000000,19000,485411.111111111,98674.1344537815,198859.268907563,5353.73846153846
15,7,110100,3185,9683734768.21192,22425.2025316456,270.967213114754,7596.81176470588,20000000,21000,485411.111111111,8500,2500,5353.73846153846
15,8,110400,3185,9683734768.21192,22425.2025316456,270.967213114754,7596.81176470588,22000000,26000,485411.111111111,9200,2800,5353.73846153846
15,9,110700,3185,9683734768.21192,22425.2025316456,270.967213114754,7596.81176470588,24000000,750799.044585987,485411.111111111,98674.1344537815,198859.268907563,5353.73846153846
15,10,111100,3185,294000000,22425.2025316456,270.967213114754,7596.81176470588,25000000,750799.044585987,485411.111111111,98674.1344537815,198859.268907563,5353.73846153846
15,11,111500,3185,310000000,22425.2025316456,270.967213114754,7596.81176470588,689248716.216216,750799.044585987,485411.111111111,98674.1344537815,198859.268907563,5353.73846153846
15,12,491219.171779141,3185,327000000,22425.2025316456,270.967213114754,7596.81176470588,689248716.216216,750799.044585987,485411.111111111,98674.1344537815,198859.268907563,5353.73846153846
16,0,176500,2831,215000000,10877,270.967213114754,7596.81176470588,41000000,88000,485411.111111111,98674.1344537815,198859.268907563,5353.73846153846
16,1,177600,2831,226000000,11802,270.967213114754,7596.81176470588,39000000,88000,485411.111111111,98674.1344537815,198859.268907563,5353.73846153846
16,2,178500,2831,267000000,12317,270.967213114754,7596.81176470588,45000000,89000,485411.111111111,98674.1344537815,198859.268907563,5353.73846153846
16,3,179100,2831,331000000,9010,270.967213114754,7596.81176470588,54000000,92000,485411.111111111,98674.1344537815,198859.268907563,5353.73846153846
16,4,179700,2831,378000000,10691,270.967213114754,7596.81176470588,70000000,98000,485411.111111111,98674.1344537815,198859.268907563,5353.73846153846
16,5,180200,2831,407000000,11439,270.967213114754,7596.81176470588,79800000,102000,485411.111111111,98674.1344537815,198859.268907563,5353.73846153846
16,6,180800,2831,454000000,12752,270.967213114754,7596.81176470588,91400000,110000,485411.111111111,98674.1344537815,198859.268907563,5353.73846153846
16,7,181300,2831,520000000,12658,66,1166,102400000,117000,5000,8000,4000,5353.73846153846
16,8,181800,2831,502000000,12699,67,1352,111600000,118000,4000,9000,5000,5353.73846153846
16,9,182400,2831,572000000,12492,82,1410,115200000,122000,7000,10000,6000,5353.73846153846
16,10,183000,2831,622000000,22425.2025316456,95,1512,123700000,122000,8000,9000,5000,5353.73846153846
16,11,183900,2831,643000000,22425.2025316456,270.967213114754,7596.81176470588,134900000,121000,7000,8000,4000,5353.73846153846
16,12,491219.171779141,2831,683000000,22425.2025316456,270.967213114754,7596.81176470588,689248716.216216,750799.044585987,485411.111111111,98674.1344537815,198859.268907563,5353.73846153846
17,0,141000,1001,77000000,1135,270.967213114754,7596.81176470588,9900000,7000,485411.111111111,98674.1344537815,198859.268907563,5353.73846153846
17,1,143400,1001,77000000,1135,270.967213114754,7596.81176470588,6200000,8000,485411.111111111,98674.1344537815,198859.268907563,5353.73846153846
17,2,145800,1001,85000000,1128,270.967213114754,7596.81176470588,6900000,9000,485411.111111111,98674.1344537815,198859.268907563,5353.73846153846
17,3,148000,1001,101000000,1170,270.967213114754,7596.81176470588,7400000,10000,485411.111111111,98674.1344537815,198859.268907563,5353.73846153846
17,4,150300,1001,111000000,1267,270.967213114754,7596.81176470588,7700000,11000,485411.111111111,98674.1344537815,198859.268907563,5353.73846153846
17,5,152600,1001,123000000,1310,270.967213114754,7596.81176470588,7300000,16000,485411.111111111,98674.1344537815,198859.268907563,5353.73846153846
17,6,155000,1001,135000000,1337,270.967213114754,7596.81176470588,6700000,12000,485411.111111111,98674.1344537815,198859.268907563,5353.73846153846
17,7,157400,1001,144000000,1426,270.967213114754,7596.81176470588,5000000,12000,485411.111111111,300,4000,5353.73846153846
17,8,160000,1001,183000000,1142,270.967213114754,7596.81176470588,7700000,14000,485411.111111111,400,6400,5353.73846153846
17,9,162500,1001,196000000,1143,23,479,8300000,15000,485411.111111111,98674.1344537815,198859.268907563,5353.73846153846
17,10,165400,1001,201000000,22425.2025316456,270.967213114754,7596.81176470588,11100000,8000,485411.111111111,500,5100,5353.73846153846
17,11,168500,1001,248000000,22425.2025316456,270.967213114754,7596.81176470588,15900000,750799.044585987,485411.111111111,98674.1344537815,198859.268907563,5353.73846153846
17,12,491219.171779141,1001,264000000,22425.2025316456,270.967213114754,7596.81176470588,689248716.216216,750799.044585987,485411.111111111,98674.1344537815,198859.268907563,5353.73846153846
18,0,44300,261,416000000,22425.2025316456,270.967213114754,7596.81176470588,58000000,73000,485411.111111111,98674.1344537815,198859.268907563,5353.73846153846
18,1,46100,261,455000000,22425.2025316456,270.967213114754,7596.81176470588,62000000,71000,485411.111111111,98674.1344537815,198859.268907563,5353.73846153846
18,2,46700,261,478000000,22425.2025316456,270.967213114754,7596.81176470588,57000000,69000,485411.111111111,98674.1344537815,198859.268907563,5353.73846153846
18,3,46700,261,461000000,22425.2025316456,270.967213114754,7596.81176470588,75000000,91000,485411.111111111,98674.1344537815,198859.268907563,5353.73846153846
18,4,48500,261,498000000,22425.2025316456,270.967213114754,7596.81176470588,103000000,118000,485411.111111111,98674.1344537815,198859.268907563,5353.73846153846
18,5,49200,261,536000000,22425.2025316456,270.967213114754,7596.81176470588,121000000,141000,485411.111111111,98674.1344537815,198859.268907563,5353.73846153846
18,6,49800,261,630000000,22425.2025316456,270.967213114754,7596.81176470588,132000000,139000,485411.111111111,98674.1344537815,198859.268907563,5353.73846153846
18,7,50500,261,689000000,22425.2025316456,270.967213114754,7596.81176470588,125000000,123000,256000,106000,12000,5353.73846153846
18,8,51100,261,740000000,22425.2025316456,270.967213114754,7596.81176470588,110000000,128000,405000,113000,10000,5353.73846153846
18,9,51800,261,689000000,22425.2025316456,270.967213114754,7596.81176470588,83000000,93000,455000,83000,6000,5353.73846153846
18,10,52400,261,673000000,22425.2025316456,270.967213114754,7596.81176470588,90000000,92000,518000,80000,8000,5353.73846153846
18,11,53000,261,718000000,22425.2025316456,270.967213114754,7596.81176470588,93000000,750799.044585987,485411.111111111,98674.1344537815,198859.268907563,5353.73846153846
18,12,491219.171779141,261,734000000,22425.2025316456,270.967213114754,7596.81176470588,689248716.216216,750799.044585987,485411.111111111,98674.1344537815,198859.268907563,5353.73846153846
19,0,156000,617,764000000,22425.2025316456,270.967213114754,7596.81176470588,281000000,270000,485411.111111111,98674.1344537815,198859.268907563,5353.73846153846
19,1,157900,617,708000000,22425.2025316456,270.967213114754,7596.81176470588,233000000,250000,485411.111111111,98674.1344537815,198859.268907563,5353.73846153846
19,2,159100,617,723000000,22425.2025316456,270.967213114754,7596.81176470588,210000000,253000,485411.111111111,98674.1344537815,198859.268907563,5353.73846153846
19,3,160600,617,781000000,22425.2025316456,270.967213114754,7596.81176470588,282000000,277000,485411.111111111,98674.1344537815,198859.268907563,5353.73846153846
19,4,162400,617,858000000,22425.2025316456,270.967213114754,7596.81176470588,326000000,298000,485411.111111111,98674.1344537815,198859.268907563,5353.73846153846
19,5,164300,617,909000000,22425.2025316456,270.967213114754,7596.81176470588,382000000,318000,485411.111111111,98674.1344537815,198859.268907563,5353.73846153846
19,6,166400,617,1018000000,22425.2025316456,270.967213114754,7596.81176470588,294000000,303000,485411.111111111,98674.1344537815,198859.268907563,5353.73846153846
19,7,168300,617,1132000000,22425.2025316456,270.967213114754,4889,302000000,287000,618000,192000,90000,289
19,8,170300,617,1175000000,22425.2025316456,270.967213114754,5396,311000000,296000,629000,198000,94000,239
19,9,172400,617,1174000000,22425.2025316456,270.967213114754,4685,296000000,278000,704000,190000,84000,308
19,10,174000,617,1200000000,22425.2025316456,270.967213114754,4735,329000000,306000,678000,217000,86000,579
19,11,176000,617,1211000000,22425.2025316456,270.967213114754,4845,317000000,312000,638000,220000,92000,399
19,12,491219.171779141,617,1220000000,22425.2025316456,270.967213114754,7596.81176470588,689248716.216216,750799.044585987,485411.111111111,98674.1344537815,198859.268907563,5353.73846153846
20,0,40200,264,9683734768.21192,22425.2025316456,270.967213114754,7596.81176470588,559000000,354000,485411.111111111,98674.1344537815,198859.268907563,5353.73846153846
20,1,42500,264,9683734768.21192,22425.2025316456,270.967213114754,7596.81176470588,585000000,334000,485411.111111111,98674.1344537815,198859.268907563,5353.73846153846
20,2,45100,264,9683734768.21192,22425.2025316456,270.967213114754,7596.81176470588,607000000,303000,485411.111111111,98674.1344537815,198859.268907563,5353.73846153846
20,3,47800,264,9683734768.21192,22425.2025316456,270.967213114754,7596.81176470588,518000000,294000,485411.111111111,98674.1344537815,198859.268907563,5353.73846153846
20,4,50300,264,9683734768.21192,22425.2025316456,270.967213114754,7596.81176470588,523000000,260000,485411.111111111,98674.1344537815,198859.268907563,5353.73846153846
20,5,52300,264,9683734768.21192,22425.2025316456,270.967213114754,7596.81176470588,356000000,168000,485411.111111111,98674.1344537815,198859.268907563,5353.73846153846
20,6,53700,264,9683734768.21192,22425.2025316456,270.967213114754,7596.81176470588,509000000,267000,485411.111111111,98674.1344537815,198859.268907563,5353.73846153846
20,7,54700,264,9683734768.21192,22425.2025316456,270.967213114754,4484,475000000,292000,1716000,268000,20000,241
20,8,55300,264,9683734768.21192,22425.2025316456,270.967213114754,4332,520000000,303000,1553000,279000,21000,235
20,9,55800,264,9683734768.21192,22425.2025316456,270.967213114754,4563,535000000,272000,1520000,250000,19000,187
20,10,56200,264,9683734768.21192,22425.2025316456,270.967213114754,4302,385000000,288000,1598000,265000,20000,248
20,11,56700,264,9683734768.21192,22425.2025316456,270.967213114754,7596.81176470588,689248716.216216,309000,1401000,285000,21000,245
20,12,491219.171779141,264,9683734768.21192,22425.2025316456,270.967213114754,7596.81176470588,689248716.216216,750799.044585987,485411.111111111,98674.1344537815,198859.268907563,5353.73846153846
21,0,107900,389,397000000,22425.2025316456,270.967213114754,7596.81176470588,82000000,73000,485411.111111111,98674.1344537815,198859.268907563,5353.73846153846
21,1,108000,389,431000000,22425.2025316456,270.967213114754,7596.81176470588,89000000,71000,485411.111111111,98674.1344537815,198859.268907563,5353.73846153846
21,2,108200,389,463000000,22425.2025316456,270.967213114754,7596.81176470588,91000000,78000,485411.111111111,98674.1344537815,198859.268907563,5353.73846153846
21,3,108400,389,482000000,22425.2025316456,270.967213114754,7596.81176470588,91000000,79000,485411.111111111,98674.1344537815,198859.268907563,5353.73846153846
21,4,108600,389,523000000,22425.2025316456,270.967213114754,7596.81176470588,96000000,87000,485411.111111111,98674.1344537815,198859.268907563,5353.73846153846
21,5,108800,389,551000000,22425.2025316456,270.967213114754,7596.81176470588,104000000,96000,485411.111111111,98674.1344537815,198859.268907563,5353.73846153846
21,6,108900,389,611000000,22425.2025316456,270.967213114754,7596.81176470588,113000000,97000,485411.111111111,98674.1344537815,198859.268907563,5353.73846153846
21,7,109100,389,685000000,22425.2025316456,270.967213114754,2116,110000000,90000,238000,65000,23000,5353.73846153846
21,8,109200,389,699000000,22425.2025316456,270.967213114754,2475,96000000,84000,166000,61000,22000,5353.73846153846
21,9,109300,389,672000000,22425.2025316456,270.967213114754,7596.81176470588,88000000,75000,196000,55000,19000,5353.73846153846
21,10,109300,389,681000000,22425.2025316456,270.967213114754,7596.81176470588,86000000,72000,159000,54000,17000,5353.73846153846
21,11,109400,389,691000000,22425.2025316456,270.967213114754,7596.81176470588,90000000,74000,134000,52000,21000,5353.73846153846
21,12,491219.171779141,389,712000000,22425.2025316456,270.967213114754,7596.81176470588,689248716.216216,750799.044585987,485411.111111111,98674.1344537815,198859.268907563,5353.73846153846
22,0,97900,139,192000000,3814,270.967213114754,7596.81176470588,7000000,35000,485411.111111111,98674.1344537815,198859.268907563,5353.73846153846
22,1,98500,139,182000000,4157,270.967213114754,7596.81176470588,6800000,32000,485411.111111111,98674.1344537815,198859.268907563,5353.73846153846
22,2,99100,139,194000000,4323,270.967213114754,7596.81176470588,5900000,37000,485411.111111111,98674.1344537815,198859.268907563,5353.73846153846
22,3,99700,139,219000000,4453,270.967213114754,7596.81176470588,10300000,40000,485411.111111111,98674.1344537815,198859.268907563,5353.73846153846
22,4,100300,139,252000000,5255,270.967213114754,7596.81176470588,13100000,41000,485411.111111111,98674.1344537815,198859.268907563,5353.73846153846
22,5,100900,139,287000000,22425.2025316456,270.967213114754,7596.81176470588,15000000,42000,485411.111111111,98674.1344537815,198859.268907563,5353.73846153846
22,6,101600,139,303000000,22425.2025316456,270.967213114754,7596.81176470588,15700000,39000,485411.111111111,98674.1344537815,198859.268907563,5353.73846153846
22,7,102300,139,327000000,22425.2025316456,270.967213114754,7596.81176470588,15200000,46000,19000,6000,3000,5353.73846153846
22,8,102900,139,332000000,22425.2025316456,270.967213114754,7596.81176470588,19500000,49000,35000,6000,3000,5353.73846153846
22,9,103500,139,337000000,22425.2025316456,270.967213114754,7596.81176470588,16800000,51000,32000,7000,4000,5353.73846153846
22,10,104100,139,385000000,22425.2025316456,270.967213114754,7596.81176470588,689248716.216216,45000,24000,6000,3000,5353.73846153846
22,11,104500,139,439000000,22425.2025316456,270.967213114754,7596.81176470588,689248716.216216,46000,485411.111111111,98674.1344537815,198859.268907563,5353.73846153846
22,12,491219.171779141,139,476000000,22425.2025316456,270.967213114754,7596.81176470588,689248716.216216,750799.044585987,485411.111111111,98674.1344537815,198859.268907563,5353.73846153846
23,0,9400,26,14000000,22425.2025316456,270.967213114754,7596.81176470588,689248716.216216,1100,485411.111111111,98674.1344537815,198859.268907563,5353.73846153846
23,1,9500,26,13000000,22425.2025316456,270.967213114754,7596.81176470588,689248716.216216,1100,485411.111111111,98674.1344537815,198859.268907563,5353.73846153846
23,2,9500,26,15000000,22425.2025316456,270.967213114754,7596.81176470588,689248716.216216,1300,485411.111111111,98674.1344537815,198859.268907563,5353.73846153846
23,3,9600,26,18000000,22425.2025316456,270.967213114754,7596.81176470588,689248716.216216,1400,485411.111111111,98674.1344537815,198859.268907563,5353.73846153846
23,4,9600,26,22000000,22425.2025316456,270.967213114754,7596.81176470588,689248716.216216,1300,485411.111111111,98674.1344537815,198859.268907563,5353.73846153846
23,5,9700,26,22000000,22425.2025316456,270.967213114754,7596.81176470588,689248716.216216,1100,485411.111111111,98674.1344537815,198859.268907563,5353.73846153846
23,6,9700,26,23000000,22425.2025316456,270.967213114754,7596.81176470588,689248716.216216,1100,485411.111111111,98674.1344537815,198859.268907563,5353.73846153846
23,7,9800,26,27000000,22425.2025316456,270.967213114754,7596.81176470588,689248716.216216,1100,485411.111111111,100,100,5353.73846153846
23,8,9800,26,31000000,22425.2025316456,270.967213114754,7596.81176470588,689248716.216216,1700,485411.111111111,100,200,5353.73846153846
23,9,9800,26,27000000,22425.2025316456,270.967213114754,7596.81176470588,689248716.216216,1600,485411.111111111,100,100,5353.73846153846
23,10,9800,26,32000000,22425.2025316456,270.967213114754,7596.81176470588,689248716.216216,1700,485411.111111111,100,100,5353.73846153846
23,11,9800,26,36000000,22425.2025316456,270.967213114754,7596.81176470588,689248716.216216,1200,485411.111111111,100,100,5353.73846153846
23,12,491219.171779141,26,37000000,22425.2025316456,270.967213114754,7596.81176470588,689248716.216216,750799.044585987,485411.111111111,98674.1344537815,198859.268907563,5353.73846153846
24,0,19200,459,9683734768.21192,22425.2025316456,270.967213114754,7596.81176470588,53000000,58000,485411.111111111,98674.1344537815,198859.268907563,5353.73846153846
24,1,19400,459,9683734768.21192,22425.2025316456,270.967213114754,7596.81176470588,59000000,54000,485411.111111111,98674.1344537815,198859.268907563,5353.73846153846
24,2,19600,459,9683734768.21192,22425.2025316456,270.967213114754,7596.81176470588,57000000,59000,485411.111111111,98674.1344537815,198859.268907563,5353.73846153846
24,3,19700,459,9683734768.21192,22425.2025316456,270.967213114754,7596.81176470588,76000000,63000,485411.111111111,98674.1344537815,198859.268907563,5353.73846153846
24,4,19800,459,9683734768.21192,22425.2025316456,270.967213114754,7596.81176470588,97000000,89000,485411.111111111,98674.1344537815,198859.268907563,5353.73846153846
24,5,19900,459,9683734768.21192,22425.2025316456,270.967213114754,7596.81176470588,97000000,81000,485411.111111111,98674.1344537815,198859.268907563,5353.73846153846
24,6,20000,459,9683734768.21192,22425.2025316456,270.967213114754,7596.81176470588,99000000,82000,485411.111111111,98674.1344537815,198859.268907563,5353.73846153846
24,7,20100,459,9683734768.21192,22425.2025316456,270.967213114754,7596.81176470588,113000000,88000,485411.111111111,6000,2000,5353.73846153846
24,8,20200,459,9683734768.21192,22425.2025316456,270.967213114754,1386,117000000,79000,485411.111111111,5000,3000,5353.73846153846
24,9,20300,459,9683734768.21192,22425.2025316456,270.967213114754,1386,113000000,72000,485411.111111111,5000,3000,5353.73846153846
24,10,20500,459,9683734768.21192,22425.2025316456,270.967213114754,1394,124000000,86000,485411.111111111,6000,3000,5353.73846153846
24,11,20600,459,9683734768.21192,22425.2025316456,270.967213114754,1394,689248716.216216,109000,485411.111111111,6000,3000,5353.73846153846
24,12,491219.171779141,459,9683734768.21192,22425.2025316456,270.967213114754,7596.81176470588,689248716.216216,750799.044585987,485411.111111111,98674.1344537815,198859.268907563,5353.73846153846
25,0,4028000,710,94308000000,71042,270.967213114754,7596.81176470588,5142000000,6062000,485411.111111111,98674.1344537815,198859.268907563,5353.73846153846
25,1,4138000,710,87701000000,72431,270.967213114754,7596.81176470588,4641000000,5857000,485411.111111111,98674.1344537815,198859.268907563,5353.73846153846
25,2,4176000,710,90640000000,72444,270.967213114754,7596.81176470588,4458000000,5855000,485411.111111111,98674.1344537815,198859.268907563,5353.73846153846
25,3,4115000,710,95957000000,64117,270.967213114754,7596.81176470588,3842000000,4703000,485411.111111111,98674.1344537815,198859.268907563,5353.73846153846
25,4,4167000,710,113000000000,76253,270.967213114754,7596.81176470588,5327000000,6553000,485411.111111111,98674.1344537815,198859.268907563,5353.73846153846
25,5,4266000,710,125000000000,77119,270.967213114754,7596.81176470588,6209000000,7079000,485411.111111111,98674.1344537815,198859.268907563,5353.73846153846
25,6,4401000,710,146000000000,84747,270.967213114754,7596.81176470588,7536000000,7588000,485411.111111111,98674.1344537815,198859.268907563,5353.73846153846
25,7,4589000,710,178000000000,87564,226,37624,9066000000,7957000,2328000,524000,1277000,19209
25,8,4839000,710,190000000000,91387,243,39376,10714000000,7778000,2338000,505000,1334000,19228
25,9,4988000,710,186000000000,83772,268,42719,9368000000,7489000,2194000,468000,1318000,19797
25,10,5077000,710,232000000000,128829,282,47312,14133000000,9161000,2481000,525000,1386000,22693
25,11,5184000,710,266000000000,141519,270.967213114754,7596.81176470588,17990000000,10390000,2781000,564000,1414000,5353.73846153846
25,12,5312500,710,277000000000,154429,270.967213114754,7596.81176470588,689248716.216216,750799.044585987,485411.111111111,98674.1344537815,198859.268907563,5353.73846153846
26,0,1292000,5131,8157000000,25982,270.967213114754,7596.81176470588,371000000,399000,485411.111111111,98674.1344537815,198859.268907563,5353.73846153846
26,1,1297000,5131,8826000000,27908,270.967213114754,7596.81176470588,361000000,383000,485411.111111111,98674.1344537815,198859.268907563,5353.73846153846
26,2,1302000,5131,9009000000,23076,270.967213114754,7596.81176470588,402000000,384000,485411.111111111,98674.1344537815,198859.268907563,5353.73846153846
26,3,1306000,5131,11305000000,17731,270.967213114754,7596.81176470588,437000000,409000,485411.111111111,98674.1344537815,198859.268907563,5353.73846153846
26,4,1311000,5131,13280000000,17483,270.967213114754,7596.81176470588,568000000,433000,485411.111111111,98674.1344537815,198859.268907563,5353.73846153846
26,5,1315000,5131,15982000000,14298,270.967213114754,7596.81176470588,593000000,463000,485411.111111111,98674.1344537815,198859.268907563,5353.73846153846
26,6,1320000,5131,18369000000,13878,270.967213114754,7596.81176470588,517000000,461000,485411.111111111,98674.1344537815,198859.268907563,5353.73846153846
26,7,1326000,5131,21642000000,14703,270.967213114754,6048,621000000,449000,82000,356000,83000,618
26,8,1331000,5131,27870000000,15017,270.967213114754,6048,557000000,437000,45000,365000,63000,469
26,9,1336000,5131,19662000000,14247,270.967213114754,7596.81176470588,548000000,419000,115000,351000,58000,437
26,10,1341000,5131,20593000000,28909,270.967213114754,7596.81176470588,630000000,386000,102000,325000,52000,533
26,11,1346350,5131,23586000000,36648,270.967213114754,7596.81176470588,689248716.216216,750799.044585987,485411.111111111,98674.1344537815,198859.268907563,5353.73846153846
26,12,491219.171779141,5131,25277000000,36648,270.967213114754,7596.81176470588,689248716.216216,750799.044585987,485411.111111111,98674.1344537815,198859.268907563,5353.73846153846
27,0,408700,28400,381000000,11481,270.967213114754,7596.81176470588,4000000,5000,485411.111111111,98674.1344537815,198859.268907563,5353.73846153846
27,1,420200,28400,380000000,12496,270.967213114754,7596.81176470588,8800000,750799.044585987,485411.111111111,98674.1344537815,198859.268907563,5353.73846153846
27,2,432100,28400,324000000,13011,270.967213114754,7596.81176470588,800000,750799.044585987,485411.111111111,98674.1344537815,198859.268907563,5353.73846153846
27,3,444300,28400,314000000,9745,270.967213114754,7596.81176470588,1600000,7000,485411.111111111,98674.1344537815,198859.268907563,5353.73846153846
27,4,456900,28400,363000000,11512,270.967213114754,7596.81176470588,3520000,5600,485411.111111111,98674.1344537815,198859.268907563,5353.73846153846
27,5,469800,28400,429000000,12318,270.967213114754,7596.81176470588,6400000,9000,485411.111111111,98674.1344537815,198859.268907563,5353.73846153846
27,6,483000,28400,471000000,13883,270.967213114754,7596.81176470588,35300000,11000,485411.111111111,98674.1344537815,198859.268907563,5353.73846153846
27,7,496500,28400,516000000,13640,270.967213114754,1258,37800000,14000,1400,1000,900,5353.73846153846
27,8,510200,28400,608000000,13649,270.967213114754,1324,40600000,16000,485411.111111111,1200,1100,5353.73846153846
27,9,524100,28400,598000000,13529,270.967213114754,7596.81176470588,50000000,18000,485411.111111111,1100,1100,5353.73846153846
27,10,538100,28400,682000000,7388,270.967213114754,7596.81176470588,65400000,21000,485411.111111111,1000,1000,5353.73846153846
27,11,552300,28400,869000000,7049,270.967213114754,7596.81176470588,689248716.216216,23000,485411.111111111,1200,900,5353.73846153846
27,12,491219.171779141,28400,1010000000,6660,270.967213114754,7596.81176470588,689248716.216216,750799.044585987,485411.111111111,98674.1344537815,198859.268907563,5353.73846153846
